Energy_Consumption,Renewable_Energy_Percentage,Number_of_Energy_Sources,Energy_Price,Profit
51,33,3,80.64036172328395,142.5479566361189
92,46,9,45.923987759695805,531.0372577567196
14,7,5,5.195657755426842,92.42140199516753
71,39,6,78.6278199384033,273.7111885423736
60,48,1,20.13637821359744,361.8187964490395
20,43,5,25.862083488803876,135.448483758536
82,18,6,16.47063534322959,472.96364684540845
86,41,9,33.02150648714976,533.6941189068018
74,40,9,75.6751505688635,290.5236521685212
74,36,1,51.93858595039374,277.8341857285335
87,5,1,20.488127415071254,413.8888470916563
99,25,9,87.78300781520409,377.0808827709007
23,33,6,87.95818549515292,-11.84503098066829
2,44,0,87.05784250460069,-156.36174318579214
21,5,7,23.87962113815393,121.1750550041011
52,36,2,45.12393441809881,190.09875417948192
1,32,5,98.49896561408751,-155.55054270983356
87,21,8,77.20124763099903,348.7880569555584
29,20,5,2.716742122555982,222.2619587509715
37,5,8,6.5204591260492055,254.56908362557513
1,5,6,46.39313768123328,-94.80156309481428
63,47,8,90.92202058615601,226.51903336188866
59,3,1,53.870179795271426,160.8306094484686
20,29,7,49.781250803429025,77.41242724972672
32,10,7,10.547369995663058,240.8449572104209
75,29,1,65.6780104724294,239.28442396311297
57,30,3,82.21031606002255,139.66117033780435
21,23,6,38.04200075075623,76.48071097388899
88,8,3,77.56118509253275,252.84540170491698
48,2,3,96.44766539008116,-18.83008132830017
90,30,5,20.376645912768907,503.3762207025121
58,39,9,52.33296311947413,293.61057206491046
41,36,5,28.713795808457554,238.229160661194
91,35,9,79.28544190338394,393.6646177186783
59,23,2,57.75933658811575,178.9867054908884
79,30,8,63.45824175503038,312.4937327201353
14,5,9,79.79141596158941,-34.38256980065982
61,1,1,39.59704726624549,225.83793977507327
61,19,5,91.50900684070432,92.62772557577469
46,27,6,53.302886724614,197.88549593106188
61,10,8,15.7954822835348,347.5540577383687
50,3,2,69.58991181688025,72.50000885598047
54,14,9,79.32613504382545,155.90607744879352
63,5,2,31.67616770675267,245.28334087341557
2,48,6,85.7179256998753,-106.8290904113538
50,29,3,90.61432547657664,52.34620252394491
6,37,7,27.690448737780894,72.60481547703247
20,1,6,98.3521472715222,-149.6928859791755
72,14,4,14.071152804875842,384.44297578438534
38,10,6,20.201566840248997,195.08009969703798
17,7,2,18.422483923802613,77.37358954284457
3,25,1,89.39897100078704,-163.4519898956426
88,44,5,65.42925523249619,370.11116947511056
59,43,1,15.210428322227287,350.1568050440257
13,4,2,44.032341836834895,-29.103323304446015
8,5,5,61.529802506980204,-75.1493621025551
89,25,4,8.34640849893833,511.47987986150673
52,3,7,88.24163684073388,86.12873784499281
1,18,8,80.36035354415351,-110.4360815788474
83,19,2,50.52067735766382,296.6847194804626
91,32,9,96.71266152591704,336.24513671003433
59,19,2,41.77609792750997,245.41752296280492
70,48,2,98.41103190364979,155.50118220547904
43,11,5,66.79199988036271,87.3827570678639
7,46,0,63.467127325394145,-49.73480211996106
46,0,6,16.5954895295785,236.02725501967728
34,25,0,88.1927758304644,-23.11876653607299
77,13,4,42.74896879206152,370.03054351620267
80,37,9,16.223340578247935,499.6102576125565
35,36,7,1.260751997575904,285.5968519441968
49,10,3,55.975568363838256,133.14966682058275
3,35,4,52.739962212267635,-18.788636534280027
1,12,3,71.93536223691585,-161.42341418764292
5,42,3,89.02580530178021,-99.01220263891993
53,2,7,7.9406584643029525,288.40590861262615
3,32,1,73.14964903403623,-116.59057464147646
53,5,0,18.741194409758222,206.65920035554748
92,49,2,85.8177053157164,354.93444217699675
62,9,8,81.90635138616561,202.13125290486556
17,4,3,54.07937549855444,-54.57125825133028
89,22,9,71.02427986233116,354.9360176948349
43,9,4,31.43501131837484,195.8867237844715
33,43,1,47.116789893281464,111.90701732436531
73,1,3,82.16368977104716,149.60070632821376
61,12,1,45.92651971732139,201.72820925888402
99,39,1,35.77982653254418,437.2670572784143
13,1,3,49.421244725029986,-51.540489096974696
94,19,5,82.82492524372184,295.73066878755105
47,0,6,33.520804737087275,184.57512934074273
14,36,9,17.37615931357438,208.74416212865313
71,8,2,71.20140203307808,152.2656560151806
77,16,2,82.59782127080818,205.470639922535
86,8,9,10.063747852353334,500.22949783630384
61,10,5,23.98741127559447,297.4425628032999
39,14,2,14.19719897609939,216.21584099273605
84,23,1,34.79414115821666,378.4186024167279
79,37,7,45.035097890541266,415.3069662727668
81,34,4,74.88263369633064,307.7157921216653
52,29,0,65.11475848816741,116.02955687183132
23,30,2,62.092856747843115,-3.5233049336843507
25,48,9,35.23749466096544,183.58450548594772
88,4,7,84.144755308476,249.05752347499288
59,43,3,47.128716739816454,328.5957382867252
40,49,6,97.91049380151546,89.16211021018938
28,13,9,63.41421382957368,38.73587118711851
14,10,1,12.626474156450273,35.67141839577778
44,8,6,67.6177562075434,102.78405261173964
64,33,4,32.5104015431699,339.4140913180496
88,11,4,68.63271966860974,307.07951770051807
70,34,5,6.964114816240574,442.00853968020436
8,34,8,17.48814371759594,133.02648364715418
87,0,5,85.57372589057863,234.83641281145128
0,39,7,22.71795570235149,81.56399301881214
7,21,6,83.704112524294,-158.49834502783273
87,28,8,27.927608845441043,482.621180852173
62,7,3,64.28819100587077,144.10729829718142
10,10,1,69.4150573509831,-124.74094367477909
80,40,6,51.265475314505295,445.90875410855233
7,36,5,30.531067669673128,72.75643030046669
34,13,0,21.264437637109612,125.93609336522321
34,29,8,3.318935456242622,316.4792236708172
32,34,8,30.39464012407238,226.46983737196712
4,20,1,65.3162790531283,-117.54694735034805
40,36,2,93.83048184484826,22.6455663297686
27,4,4,87.1204482263052,-37.230473382324774
6,18,4,76.60647765353026,-146.43720166710912
72,13,0,78.84473432532987,158.93843856023946
71,25,7,66.49849034759953,256.9769063575706
11,3,7,26.0286857566003,64.02419565704406
33,24,3,90.71950307058299,-47.53223944147088
32,44,6,67.0732311905834,98.4329701561481
47,41,9,56.04406309804399,232.9660124211099
22,24,2,11.098946921348107,164.21949362284988
61,17,5,44.70555438064254,273.25242573692066
87,39,9,46.03582712019263,439.97817111049443
36,7,9,86.45636095226699,25.729599363196016
98,38,8,54.66482201877885,467.81393684868
43,39,0,38.04005489704097,153.7097370953704
85,13,4,97.68003285106593,193.61956043831478
90,31,3,11.072059332631568,502.6141662329889
34,37,7,42.25484283119446,235.76980123332706
64,32,0,4.202467517140529,380.05179395579233
98,22,8,73.99041207669303,364.47641375483613
46,14,5,91.80765521991506,21.281554256835996
77,32,3,28.003732955048942,415.4164670434412
2,24,8,85.83416767991208,-77.73364758233777
0,16,4,29.221823046189776,-47.3851353833285
4,32,4,91.07701616439152,-186.82953619595548
89,46,4,75.3961903596784,388.2307324284004
13,1,0,80.49067768414386,-166.67974950501352
26,13,0,1.80065556004545,133.23217868233633
8,39,7,96.2810357074026,-90.1505253997591
78,39,7,72.66709920703232,267.28374759856547
14,38,5,30.47510953861333,104.64218151610324
89,5,3,82.9394664858847,242.7380239992076
41,5,1,28.152119841492997,159.0290432662776
76,2,1,87.2753839566128,111.89592908431086
50,6,8,11.258039041193701,309.9396261044861
62,7,4,70.36859774607957,134.3857142405695
95,41,3,54.069847664491036,429.8981321200132
51,14,9,9.653447019544082,326.13273249410724
95,46,0,24.189382825883897,486.2698347391439
3,28,6,1.240403627731479,107.36248122100099
93,32,2,46.876796546450585,421.3923351971214
22,29,5,30.126526076000037,144.78944410513319
14,38,4,59.83574842977588,1.800343311524082
42,26,4,29.72378077086172,213.5934175866154
28,35,4,29.99191115069847,131.05243825523368
35,28,0,74.31931987316034,2.048507420383242
12,37,0,4.814283597835345,118.55305686565906
31,32,2,90.28949951919873,20.54736326300332
70,36,9,85.22638743911814,234.0814971671623
58,26,3,66.78046832264066,200.94213980712678
85,32,4,59.32215701073843,370.9707044371009
27,3,1,89.23024981396523,-111.07802135209299
65,21,7,18.533017952871443,416.5733558252884
41,1,1,7.896916219082861,200.75136079488868
44,9,8,23.95101699095381,253.93013294049715
61,4,1,79.45782787001903,83.564103329592
56,9,8,3.4670266726483323,392.07029763042755
5,32,6,58.280683508348964,-3.9126658488292136
27,37,7,99.54375161913099,-32.144800607317194
27,12,1,85.56960938375394,-114.09377204323721
43,30,6,52.14456890435895,174.50668053901
83,46,5,6.364090928664234,521.9069559260544
29,35,3,83.13735143857099,-5.682545808020066
61,44,6,59.89785081772106,298.0552102405196
74,23,3,11.493299705956684,402.37406778039417
91,14,1,9.38572848233562,463.98634692676166
88,28,9,90.96268194365923,314.2724088651902
61,7,6,66.92002629380784,195.20853876268217
96,4,7,82.92867993167555,264.27617352528125
0,28,1,87.89789002822673,-209.82767597998614
26,46,4,57.17723520483222,94.69396823109278
61,3,0,51.74463517550413,179.76767360202484
76,11,6,43.042741032099016,323.0337279535788
2,44,7,31.69465877911193,35.384969541826734
69,1,5,43.459596085871176,279.01544066170914
71,26,4,77.38796557301563,202.1288555044405
26,30,5,60.19234310151316,35.62963751365329
8,35,1,89.2523289954846,-160.24389478071828
61,35,0,44.33800143791877,238.2954885331267
36,25,6,60.7089578718754,95.77823309360954
96,42,6,63.130755309198875,390.496412930422
50,26,9,59.16971623063255,232.432175245845
43,4,9,70.26337730855164,127.70736889991953
23,19,1,23.74334683748063,104.80039931434823
78,10,1,51.23637775457907,243.53715332776645
58,9,0,10.422480280834767,272.70272847854534
31,39,9,38.45113276448126,207.51617540196708
95,37,7,48.76670686212644,484.6757672048589
87,5,7,65.22242595454725,332.6995319107199
51,7,0,95.05310525862035,-30.842791751430962
61,22,7,60.06510665483559,240.44459116376441
57,46,8,74.35939161765597,243.0674332393369
51,25,3,50.626605949520275,212.2366285943745
11,45,0,63.41040313763313,-31.14107861640494
38,42,0,7.093221613377343,268.50146890737835
1,11,2,25.439158084184697,-27.640941693966873
2,25,4,36.185309320513866,19.653254942528477
55,12,4,47.249335500651355,205.44724941723587
80,39,8,4.564874550238374,527.0836181458135
58,17,9,14.002409755331769,400.06017013650853
1,24,1,27.68143077913058,-6.086226886611186
1,32,1,97.15326909010507,-221.32068769288483
91,46,5,33.134700710305076,488.00603852109987
53,39,8,48.20410581120825,284.3191934691905
86,42,0,19.609771273839293,464.43438208383384
95,11,8,61.07800710757682,397.7118239898936
96,43,8,28.068321551597432,568.0212088140654
0,35,8,20.699257843842677,121.90137395999957
18,47,4,51.65726284459791,90.45907451090399
1,3,8,0.5505799160420821,93.16097207717424
52,4,3,0.7664032649225327,314.5270018205821
43,36,1,21.906880910185777,210.62887919889187
89,7,5,3.672136250082114,505.94213224868986
31,41,3,10.802575413069137,270.77840075545475
69,48,5,33.88606493387516,384.98088729052705
31,27,2,80.25856795798128,-28.72838244632555
67,30,5,57.204864336930086,260.3436292173485
54,8,1,51.26677259564164,120.40702146622732
74,28,1,29.348882320812166,332.2581148750094
55,13,8,93.17537194328163,94.06372219835451
16,39,6,39.70150412371917,70.78414724526965
37,40,2,8.70927667957715,259.18453664026066
23,21,0,61.70665161178013,-10.07441135960745
68,10,7,11.38383934766014,377.69335835408117
97,22,5,34.52231428016921,505.81873563232773
69,0,6,50.74119387178089,262.99226015520924
85,45,8,87.42225246851758,353.34485430692837
10,36,4,49.35465803401187,0.779334820921644
15,20,0,70.22587660316643,-78.58712526816697
96,25,9,99.28168389990704,300.3162702923726
72,45,6,13.148911989798162,488.3582140473357
58,35,4,27.47315255195195,321.01732914001474
69,22,2,39.45760755976464,301.6922017204018
79,0,8,42.18281785388314,324.93965432585355
92,39,0,41.102107526554576,396.7922805748042
2,14,0,90.76110025565549,-222.33873640189879
19,20,0,71.40326444668564,-98.17675342454095
58,46,2,60.79052140907037,228.89256161477135
35,8,5,30.93727178627821,120.84542851196046
18,8,9,82.37903842212947,-34.173631013055044
89,9,2,95.5060511484989,171.83138025913314
66,25,7,82.11982825502265,214.68651398852248
18,40,9,0.15651051914729042,272.04308711547816
19,34,1,63.6401370183407,-31.855847423613596
95,24,8,5.1135381442100725,599.2999169090643
70,25,2,25.760722033372186,347.92667916655455
51,10,4,5.952470034777169,286.36575277181373
32,37,9,60.37954529493877,122.69027043365952
39,1,7,68.65899134926067,21.770512118766398
38,6,1,11.448763806590511,184.64670952622234
81,17,5,38.38388830449795,342.552279659265
0,26,4,45.6236508955542,-42.96406869783644
10,33,9,36.90530217609166,90.01512915008003
91,26,8,12.102500048519305,564.275355363206
56,16,4,41.89477901874754,220.2747529539601
88,42,1,75.11780478084181,302.05762993053276
49,43,4,7.100766453325546,364.33511472578925
22,23,3,8.018001408190345,168.64715635711133
30,24,6,35.47712918359842,157.8917315928603
93,6,5,94.1725711618925,253.86763831049302
41,5,1,66.85726467229141,-6.283236481016324
98,23,4,67.86699566725648,387.5347865979702
6,32,6,36.1919990837865,57.67337862891255
15,48,6,59.36607912085384,32.56810006590854
89,28,4,1.0131184027743378,533.079035318193
59,42,8,63.60960464095422,267.38504032458474
1,21,3,91.32869475762368,-199.6760199609057
0,25,2,61.25734683448192,-107.09484117207508
47,27,3,87.3698593466345,85.51775759672016
11,49,4,72.39730554660937,-2.5565820863715487
68,20,5,12.055841640369025,367.5880912102648
36,48,2,90.24533072858418,37.70540762036843
31,6,1,6.644384435577488,183.64551308397574
8,16,3,53.39674725477638,-50.45407135054508
98,19,4,14.213712379345766,547.1784713656821
18,40,3,1.1706610730904066,236.73342569474408
47,48,2,42.2034260127639,244.86391288384792
79,19,7,29.504070765415623,419.4739596165877
2,21,9,48.6000493797603,17.101621342414163
19,27,3,57.71998867345508,8.737790641572591
23,39,1,4.373907230894735,190.3563391730149
53,48,1,12.300329512374564,327.07072674860166
32,6,0,55.86423964504254,35.675548241514555
23,0,3,34.316735317265824,25.6812207293625
74,31,9,72.9173487549448,333.8953082287279
71,12,8,65.22916485919397,273.30978789722553
35,29,6,84.56043629899068,11.33256760698913
37,22,9,69.24928266692253,118.60513785906085
83,18,6,42.99310773901481,340.0201466299231
98,31,6,67.29666223944324,422.620173618291
88,29,7,27.538117425541852,503.0902773831543
98,28,0,30.63134987782127,442.25883125349515
24,48,9,78.89851599207933,71.77540594287368
92,44,9,44.64195164015822,543.1572937545311
17,28,7,79.83803405183525,-38.62903624074448
81,29,3,82.24223736682784,225.0951361583845
65,15,3,85.75623376612837,157.36456675086686
53,39,3,91.66352358412072,137.26117305825375
34,18,5,43.098522051329624,126.77834728296806
79,17,6,31.886681832113883,413.5692152118255
60,0,5,58.21987465941139,202.16989433238348
40,13,0,37.117242343762754,99.79858831794405
99,46,7,60.1074166800233,466.97163325257276
32,49,9,70.55858626438246,160.94173146994734
67,1,6,68.84050184921368,224.17878002652915
32,27,5,37.45528870201213,162.89175109745068
13,48,5,16.68602016987528,143.34565242033307
20,49,4,43.05293384622075,148.58242069532656
47,29,5,14.259414408190874,289.60233881918805
19,37,8,89.00970351838083,-24.73186617857153
7,3,9,34.58774607378574,34.083518468435216
6,0,8,15.445974722332378,94.74528424729834
66,7,9,2.5447759905750877,443.4451915593192
16,28,7,64.58223862864843,20.550594121292946
32,38,9,63.69023174547432,144.19507536593915
47,2,8,34.060416658129164,217.68904339848183
75,31,9,7.171188884765101,516.6492236360748
58,9,7,40.9628894895232,204.52012997754434
85,9,7,31.12174950633936,413.7026022995859
21,18,0,67.71206397350093,-57.309753222167174
29,45,9,60.57792494526903,120.24594349180278
37,33,4,36.459372819754,189.3483478969692
50,32,3,21.78925542549901,274.54280930378053
53,22,1,98.80359661555919,57.698724119632224
7,27,7,45.40016211961149,54.25990814546266
26,31,2,68.82742357802371,-3.798382116434393
26,49,3,14.055296757836079,212.81735549515784
97,6,6,48.55896996593978,409.84413879001283
20,28,9,2.7536719869465487,228.7057945159679
29,7,8,50.545511791044994,91.26396430742754
96,0,1,96.40174071177023,185.6291364869375
27,2,2,38.420671298580025,21.125679405509405
63,23,3,3.8996012574911587,391.7554207055319
96,22,9,3.095579091934353,617.3038544086331
68,7,0,38.798675994686946,221.51765682273933
60,46,6,16.002493646319405,421.8996276762938
47,36,1,2.335209632818591,297.3628165182376
18,2,4,75.62136139501769,-87.80077942429344
3,32,0,45.85230088818907,-42.150022412318094
34,27,2,28.924477197265453,156.55431711412936
63,46,1,90.00831830164807,156.06986333787845
48,7,0,11.613896020052561,208.82971906209087
16,33,6,95.59188289553192,-84.70498035515773
43,34,4,31.396671737735282,224.69279616918735
91,31,0,88.84036723086813,235.54733137659088
29,23,5,60.294287647946156,56.581653793845895
92,13,4,82.67073597414874,247.01542610027883
45,31,2,98.40131632104642,1.9729760940186232
5,45,6,28.840543781874572,82.78085878698286
98,42,9,96.1135485407593,370.53575932781456
36,15,8,38.94818949024204,168.32548261185832
23,3,8,38.55119047369223,84.11114458172074
92,36,8,34.03871042545057,519.4726990853696
45,20,1,54.14076073475852,130.06805927837488
52,13,2,15.41450431784871,246.76118250948852
94,30,6,55.37114853580112,399.82253728481373
98,47,4,54.1704812410004,440.6476680321367
59,17,1,76.190181260487,100.6853977946405
96,6,2,83.36499619375856,254.86658506239414
62,9,9,44.044135031242405,270.4676735823236
84,6,5,30.233324935149376,365.37769190955396
31,32,6,25.933489731709447,192.07711425538787
86,22,8,19.462383670487192,499.2413813908178
32,20,0,5.764758219902488,194.60631465700382
66,18,6,34.244797883471335,312.1171452874196
17,47,7,27.024769213078326,159.66573591789634
24,18,2,96.64173858664074,-132.45918193686848
94,35,3,55.77088262500439,402.0585687174913
53,28,9,34.72770390305075,289.8483156070314
57,17,5,58.0467600993696,206.3222759667152
66,1,9,13.91967013456955,344.5236597576091
45,0,6,44.40437492022029,144.59428179028987
23,46,3,62.62343214210638,55.151850357515684
31,4,7,48.889783179245136,90.00734078871469
46,19,4,40.177880065432426,241.32703308331264
85,10,0,99.38483888996981,153.84148382144875
22,41,3,88.0314762148927,-62.175520581518356
65,1,2,62.34059581594401,158.0689276103865
26,2,8,56.93773611822828,7.661864975986134
1,22,7,62.06604798245841,-68.81013893331044
89,11,0,20.131210782243325,389.94524651325486
16,19,5,39.51377432643186,67.76648253190766
32,4,8,3.945953289089932,225.1713346408195
8,36,6,47.554603748682666,27.00087043804707
42,37,3,54.302458395766315,138.38146798461298
47,29,0,22.77497361032096,259.45210620610374
38,8,1,96.40288471655137,-79.63350947201232
92,33,4,90.9454610937242,329.8147575884114
41,43,4,72.21432354559059,130.64006460559358
25,34,7,53.33866287653626,112.62534591709894
98,21,5,86.99691596476849,328.3839150520449
49,43,7,13.065234382346292,369.6802428172861
24,23,1,79.0509794274885,-99.7063898693777
23,16,2,12.48208139668483,123.9760879269304
12,9,5,79.42106625494054,-93.36003934113519
59,29,9,27.576756825135696,359.2917858551108
6,45,2,87.7090581018189,-151.2309712415282
56,22,5,94.40420938253979,89.73928284083121
35,31,5,14.879596940511563,276.44331950357514
44,16,1,46.267560506539354,148.13515279107634
19,49,6,98.09873781626851,-42.53629363612617
64,16,1,48.34074359731466,236.00675474921775
7,13,5,86.35475225145451,-155.39439716172458
15,8,0,58.87315221313199,-119.69688837593034
13,39,2,37.53299079196019,31.91170786152835
75,1,1,28.57835555258702,332.52270871240285
86,44,6,20.322309108608728,511.55321103758774
14,24,3,76.17981913776973,-85.40713700080954
91,38,7,38.65405068230279,479.041084027594
97,8,5,51.12754622007512,435.70009313123484
65,21,9,49.23254800011819,341.8215343068867
31,42,3,57.727902923313124,140.19189589902334
86,45,4,86.55771456245522,297.1459521046333
62,3,8,98.07393435834294,107.69068669991312
85,25,6,40.758420857381694,382.3918864394391
50,28,9,82.7518922106303,177.2830118904746
24,44,8,76.45277946547176,35.28607057822601
57,33,6,57.352895145557326,243.2768258385806
62,22,0,95.60471436119332,45.239806363763165
61,36,7,20.04745155284028,375.08030880670526
21,10,3,10.92642103096214,105.47548828611957
57,5,2,85.39619669554222,46.65390469985702
57,17,6,43.91498166337483,236.4726009468959
85,20,2,84.69688542070605,219.9439678393803
48,41,7,89.30902051954149,140.73961667698165
51,35,5,6.245759361907144,334.1654660530282
41,40,4,88.34647629860606,64.37139964445912
69,37,3,44.831905536942216,338.8634664352845
14,33,7,51.04324890042322,42.606326008462425
53,16,7,62.659251109321026,164.66386885708488
59,36,0,92.63826067300867,84.47472547736898
96,24,8,1.911609442976403,625.8596758382849
7,37,4,47.68434683178171,9.829112123722025
52,11,3,68.77220424305607,95.05910137867984
59,22,5,72.27069576982285,181.86544571429224
4,41,5,69.2532431537108,-77.80557245786086
67,21,1,13.443512940812186,360.2966513864224
5,20,7,29.93955883716812,53.35346964253099
95,26,6,35.87155254170135,473.2291729521183
93,30,0,80.4437207679505,266.89712172720385
46,5,4,27.875987241455302,178.63841982996496
98,26,5,21.070496386720315,539.4848575667573
54,39,3,95.74480190380962,115.34520433835239
39,33,1,0.88632851134689,255.59485952538344
51,11,3,99.78208556819781,16.821477366436255
15,44,0,67.68212988573956,-81.78693002926005
12,6,6,82.84692994491171,-128.2331444478791
29,9,1,29.461939634619316,83.993002438724
18,44,1,1.4315277667059978,165.51174836024532
16,16,8,73.78695185615301,-48.09098306425096
62,25,4,83.41445970006758,136.40102977041954
18,20,1,74.04761319535191,-76.29898501952827
91,27,8,14.285028730083859,542.3983334416209
57,45,8,75.34279222569691,184.20699865640984
54,1,0,76.8922782107641,-1.0908376849936232
89,42,2,65.85405156700548,339.30054174184005
89,0,3,76.61159327955862,254.3189518823952
61,35,6,84.59214396777321,126.27347124217567
22,25,9,61.360411423745845,55.92416220572987
8,28,3,8.860471396967906,88.89362867874786
11,20,1,48.76278096672109,-13.521587335994301
0,10,6,7.764933467160507,49.0047633642612
57,39,5,40.75430310324308,298.3968703850893
0,10,2,40.71064891256276,-79.30680393593902
33,35,5,6.600984414024158,222.58571716178352
95,48,5,34.88205339694793,531.7179841417909
47,38,4,11.099809879131485,322.00850047173134
88,39,3,80.82352100092221,315.6948097907251
0,34,9,94.76880259644707,-47.781653660614694
15,33,0,7.231647525793861,77.62279863264665
60,46,9,95.51152072917014,229.9593708077117
63,23,5,52.25765993367452,248.47806981096934
62,21,1,29.95656779538739,277.876874701898
68,4,2,7.686207527616351,344.0311325111261
21,32,7,50.06242680704178,80.32799291091379
92,35,9,79.45155444907486,370.24867808800025
66,46,5,70.70864772666981,266.46423153145076
75,19,2,5.022601146397376,387.5887226273743
25,18,6,7.290183536790352,214.14103274006425
15,34,3,40.28732826326371,43.81412711250378
50,42,8,29.52904940479433,302.81146500480986
85,16,4,23.238432305604782,418.2844459232694
56,44,2,28.10044989087136,328.84163466463735
28,42,1,80.34827432968846,-17.751524729389843
77,33,1,92.92280536318539,189.40065627463622
91,8,2,40.510269452756646,354.8500661274206
68,25,1,90.61110021324971,143.32513635872323
46,1,3,32.1495701247882,179.2614444014395
93,8,1,47.64369863437916,385.0410807627908
61,8,9,22.602899781599973,339.68002174521575
68,39,8,64.0476042175844,319.230283442405
75,16,1,97.89811151748088,125.26701623833621
15,0,8,60.34930960433786,-0.13049317575329766
89,24,5,35.78140841135489,421.27912701376073
89,42,0,64.78174459905284,349.5548724603871
47,39,3,12.292067846538757,302.22985053805013
84,41,0,88.86590802653987,234.1185123782104
38,24,5,50.30839507798363,138.90986445501653
99,38,3,44.93497420396421,471.23988531664094
32,34,2,58.58647884535192,69.91598260150506
93,2,2,62.47838627894025,305.85910482658977
22,49,8,7.177580622651303,298.0296192832898
9,36,5,68.26172212234025,-18.076172654716366
68,43,8,24.193168031552958,450.80358775527907
99,43,4,71.39526325065899,397.7034197275457
33,29,1,82.25347943841967,-31.54525487982551
51,37,7,80.39585075525203,176.91845889899895
94,33,4,55.25009674078891,427.77064562822915
9,11,1,52.016989231075115,-49.597554178205705
18,18,3,14.287596133941172,101.0575990787919
57,36,8,77.53461504031355,199.8051817718524
95,43,3,27.140938044671437,476.787502615477
0,48,3,49.669542281794655,-30.858048966601416
68,16,1,28.42740929275167,316.64918233333395
3,9,5,13.382836299969314,33.52158351552809
15,48,1,62.95576968917366,4.942286836495498
23,46,6,5.4332034822903825,246.89032743317262
79,11,2,74.86452341262,218.8875703265712
1,15,2,31.758679526111667,-63.22986637464835
91,23,4,0.013469300448532007,542.6637810913325
31,18,2,51.11291392372298,-2.161461189183406
90,7,1,4.6851908527603126,456.2065042784794
83,30,9,27.616955782089946,449.5396677794273
23,20,8,70.69764874557161,47.02694409422147
11,16,1,6.268962162186586,93.74126056873047
49,22,1,83.93384923560023,56.531871932520914
34,36,7,0.3819922658583108,341.2741477456127
32,15,8,24.682386920190226,176.9745088229326
32,5,6,74.09040561520715,42.67604711268972
60,7,2,31.627014972930677,257.76278636641564
50,24,8,10.189238806601352,342.701177835817
42,17,2,36.02339188004279,178.64222730353052
11,24,4,27.039328638452552,39.75614383640966
66,11,8,84.27119021605549,162.69614612128007
64,14,2,31.334791758514314,261.82383025966305
32,25,6,78.89324717760073,22.74070430591751
39,40,0,89.18721448107347,-13.692796298425474
73,44,3,43.381741957652956,377.31643546894765
42,25,3,90.9943143854392,11.839968836285806
43,46,6,37.73180539631929,260.8546831781797
28,31,7,96.40784164901082,-28.630552275306055
12,9,0,8.928952452557294,14.80107663135778
11,15,4,68.70192665032427,-75.70463278314438
94,6,6,49.38140404569287,355.61068835452585
45,16,3,38.76488054556471,169.33267744159653
1,22,3,63.27118787486009,-138.17986440123647
34,25,3,70.38570916343312,78.58839249431679
86,20,5,0.43632696503090873,536.9182735484017
80,21,6,16.69530887471987,454.02914920127
89,6,1,71.30460506343186,278.3603183627978
7,13,4,66.63854135782064,-115.84194362277663
92,14,3,96.60475051286772,239.0553360347987
25,6,2,76.1037790250783,-67.31512840086062
73,8,6,95.0772707731338,161.048589307272
89,47,5,70.25405015348069,403.6849195416933
33,7,6,29.805220863944314,164.23417946376313
6,49,4,10.536492225085647,142.16499658124354
67,22,5,78.18238633449356,161.35509227195342
57,28,4,64.4149221475916,168.55430765163595
74,17,6,4.818601239329623,447.09001761009665
28,30,1,36.005046590097834,103.85230771523952
35,29,4,95.67998154842861,-36.644019138764335
88,38,5,50.04011457102012,464.1131897985081
20,34,5,43.272913601970465,118.50914029916005
35,17,4,45.7699605159294,123.73248486006148
9,41,9,20.88827240051637,155.77592002412578
72,38,6,36.87071708647952,381.1436693425384
23,16,9,36.98132559871766,107.0176540034023
63,13,7,5.2355020187472405,396.84310431413553
98,30,6,76.75676285179182,384.8847622474795
48,23,4,41.6504431903879,176.21345891920384
98,34,0,82.21798868164232,318.02956229997096
35,43,4,85.03480011198954,42.7904186875364
81,44,9,21.199405469865805,481.2456324328548
95,33,1,65.73534821701286,336.5862551333714
23,2,4,47.22818041629817,9.04334808267261
22,36,4,88.0156737921485,-4.293268229641704
61,42,1,21.57406791764541,345.4088587377389
95,39,4,67.78132003100443,362.9464085249889
36,25,3,60.775212225272256,87.39508911253596
11,22,0,29.53014775718328,-20.536523050317154
54,43,2,13.660090365117261,356.67354998238966
12,38,0,65.16397604772766,-68.91442117954054
22,14,4,73.85974581323308,-45.451961214482644
88,48,3,31.562734376335,497.82772982183883
98,3,6,64.48326040223138,336.80694742162086
29,28,4,39.51309076115032,94.5183640142892
16,21,9,71.32068832826177,-13.634051511705383
61,24,3,19.92152748940531,344.0029945521704
83,12,1,89.02150026361744,151.54857769961083
88,17,3,28.74095964655797,361.1340090981147
85,32,1,36.77859877561529,379.64102650497415
12,15,7,5.8091952080349785,153.60723037411347
58,44,2,11.15122123212764,388.55157129839364
18,41,8,51.58619027123281,87.97820194459358
48,43,3,26.75926767279715,267.4936648392885
99,1,5,83.54802257421944,319.4339469624566
11,34,9,1.4693388654953843,171.19714940960543
60,41,4,37.90940486719362,300.50136989475897
18,33,9,33.73455467690927,148.60481376777335
75,29,0,1.9327630917601035,436.1860851504204
8,12,8,12.436839900051023,96.49334643602928
70,12,0,41.36426749186353,250.59601775852624
27,17,7,49.28645844474466,41.37407759750622
77,31,8,40.42897472548691,392.5481075768623
94,31,8,53.093767841209385,461.7888707274612
51,34,0,59.51316749056815,124.81461684320196
82,38,1,0.992382112783563,494.20253809344126
15,45,0,46.409515945350385,34.70890218000281
68,28,9,96.34992408875883,190.09924371656822
98,48,1,51.90322801295487,443.6995913810668
11,28,9,67.75422674589532,-21.517331543378216
24,43,7,31.18638579168832,178.3086170310141
51,15,4,77.39913781527625,105.00690994595571
84,43,6,77.2921481876115,337.26301465653415
99,46,1,52.129604765413895,428.88056031247964
52,9,7,97.60138232792136,59.68018110205176
22,29,5,12.555021476265338,194.62713138393633
15,24,7,1.6947664889580993,146.91687496157616
56,38,0,77.0158211757096,148.13401777198916
38,19,0,80.71555373648826,-20.87175598308622
52,4,6,12.020722912057625,300.4476299286317
41,0,7,26.55828329586061,219.27008858532272
57,29,2,1.755236336662891,330.300817045402
38,48,4,29.33086107805647,223.8185967172797
13,2,0,77.31418739186715,-168.71353609311552
94,44,6,51.79605277125789,446.9367712637378
4,13,4,34.80955931682881,16.270053566249736
34,29,7,37.17392949063303,169.34276965156508
86,49,7,0.1353625715468154,586.4829766956223
92,3,8,29.98005275652359,460.1476223624888
74,17,6,64.64587416379305,246.01938698709907
17,36,0,97.41944438163571,-143.17194738003244
75,24,2,84.70608269838995,195.23081712983364
8,47,7,2.3594964645529126,190.26430251869104
73,0,2,89.85606046748393,113.56408141954925
57,45,7,78.3198413298626,199.45383376144477
16,14,0,78.03761235709804,-156.40224325490945
6,8,4,45.79957590035715,-44.96686347428667
45,14,3,39.80052929545028,198.69707354659397
12,48,4,30.29157288331926,105.49331396571098
39,23,7,6.569485895436578,295.7968246586413
41,3,9,22.82353634936991,246.38384605422746
8,11,3,24.66036349780246,-7.367700424341361
49,36,3,48.40770697102016,235.82717224953163
26,36,2,74.7444406596694,1.8132539494478737
65,42,6,47.38098283979466,359.4941894623982
4,5,2,5.784444944716061,17.986005255372028
28,38,2,95.77898009882038,-14.975701845304641
36,45,9,94.27243190941122,92.685814152462
37,23,4,78.51895431484084,46.50393877252465
82,10,4,99.13279015642206,177.28211861779678
7,12,5,54.448233280026294,-59.315272201567865
64,33,7,96.27683502532061,191.18012809351563
85,24,9,7.560504061675077,543.1256852119358
16,6,5,36.568074826137135,-7.045618550154451
70,3,0,22.538126800676583,266.04189036383025
88,7,7,19.583308413427,461.53315971586403
44,19,7,14.08029488926761,291.9590949955083
3,28,8,62.241364156599666,-36.85586224779691
35,44,8,78.1321855747305,132.98285907168176
69,45,1,57.82983994203607,232.48844289311927
30,9,1,14.696270958820968,136.7829458536403
18,42,2,81.11237699334708,-85.69671548778435
60,33,0,63.59547071637285,190.4078337605648
53,25,3,38.81657061269955,226.66111387306128
38,40,3,67.4130295536063,106.15311077966348
90,48,8,25.990497924283286,530.7508470153548
73,2,8,34.51922084942105,371.0316360848919
89,5,8,91.74858431319902,280.5887403415799
18,4,9,29.05045056714204,112.51953435881163
38,4,6,46.99882681579366,114.41317461535021
66,46,1,89.01411373960147,176.55480448709827
44,22,9,70.77213502675275,127.54574355999478
12,48,4,6.220322616470275,194.4501453310034
91,8,3,14.730304427897034,489.7987046027873
57,34,7,0.7841590771916818,442.0597339680087
19,19,1,63.09217902291634,-60.8685864648972
91,48,5,44.767342541041835,473.9263187223366
71,41,4,13.427485090227552,410.8547138541444
60,34,1,95.79341210567705,102.06756990648233
38,49,9,52.96597239456199,228.1141510735648
0,17,0,24.189329411288917,-75.96431502451003
2,16,7,50.06035711547076,-61.41674822465954
76,23,1,67.96203327351078,226.45112224459228
91,2,6,7.623921797356448,490.11103966511416
61,31,8,27.4703815047892,340.3993167772563
62,34,8,80.69654908839937,223.68992732184557
24,37,7,45.966487040266124,131.13001105801186
55,12,9,54.65771420322949,221.14147475074114
32,46,8,43.28160022094693,187.03936933399197
37,24,1,4.389994264300512,250.80415973542975
5,8,5,16.574977982015593,74.38320831571913
57,3,3,44.554163874189086,177.666278700502
43,13,3,20.918546540792782,196.00102203452525
44,36,4,4.997902865967873,326.83044471033634
31,33,2,84.36496640518237,-19.25548681048684
44,10,0,98.11925291641158,-57.14570276249942
60,40,7,79.31428739967394,226.8502008354716
46,2,4,85.3784921704667,-20.322598261545956
20,27,2,24.197713031704538,127.77290740193978
79,28,9,96.06269755131997,254.2655178326269
84,8,6,19.692570445342838,428.69242577272786
74,2,6,95.14298103618323,146.78637380702133
35,24,0,99.4819293965951,-76.19720108937496
98,33,8,71.17228057460487,387.8591322072869
18,11,1,98.1143731791822,-142.4443549884819
19,41,4,56.95397795671037,46.96457877528126
56,8,4,25.954178317609035,266.9975076561204
17,14,7,43.699588566562085,70.9322297117946
46,39,7,59.35609353787859,179.50847023515823
48,24,6,7.308156202701499,335.54496937260006
13,4,6,62.234326461724606,-59.05580120314969
14,10,5,98.11778367622945,-137.41793552435846
30,33,5,19.010764978372762,166.42315665785182
0,23,8,79.25951162883833,-113.76042089134037
53,14,5,90.78987937796194,58.57394875043495
2,37,1,94.37015928202209,-180.46521883338315
15,7,1,96.01356044054472,-179.63979757427012
86,4,4,52.14596387214719,307.4095904871179
56,47,3,97.73079079915037,96.56415031902803
74,25,1,75.73102071344388,200.59363048852177
11,17,2,16.16714362369619,42.56572458260726
73,5,6,47.690010646797,308.7696419686515
95,36,7,71.8331175372004,394.1165033794499
15,47,5,24.734031581908333,86.65814086784218
71,12,4,64.06151835488873,219.31900380289767
75,27,0,66.66004790466192,208.24897986913479
23,4,7,16.26997438085659,111.56456054821132
27,12,2,56.50853124527563,-15.274126500278324
7,16,5,77.16269109786077,-112.29990385692291
91,49,2,49.88956645359419,449.90411720418206
35,39,6,1.2103116776107425,315.63275444446737
89,44,6,0.9038469079292177,578.1583915118975
7,31,8,35.702934397001215,79.0092807124104
57,28,4,92.6194068431782,93.95997326608556
59,2,7,22.867677960360876,286.50495873565444
49,39,9,63.43636888716871,199.6036399738342
27,33,9,22.207587069332057,189.34066265696944
91,39,7,32.16699896595486,498.7005289709465
40,26,0,84.8042089601484,0.7484429179574343
99,12,4,72.88614422699469,338.40909391871816
63,44,2,9.539927731321063,386.06087824708965
26,32,0,42.87020209864336,46.47447249013428
62,5,3,2.916976364526447,353.4139947401201
16,23,7,48.0890146603009,25.390317620165618
72,18,2,66.24340117010681,232.7903547665491
32,15,9,11.850262359815156,224.40487254202006
83,39,1,28.888493890916568,401.2858135801896
76,27,8,39.783662550215695,365.31330853703935
91,32,9,91.95310246560497,323.11264966547236
28,47,4,99.32550154229641,-4.470255457329632
12,40,6,4.491129899561585,196.8391720701944
45,12,1,76.1007923495392,50.266065191943085
34,42,8,37.17240664023432,232.92563099797576
5,44,8,39.245818622948,53.18914756054862
81,24,3,75.42649733470228,250.10472350934202
68,41,3,91.84264321454087,160.86808777402814
46,35,5,95.09285945025483,91.33291973001629
24,26,9,57.712258603832076,64.92745125997754
65,37,9,35.71211593005028,399.7376059976314
9,6,9,78.75490858587793,-71.4056483554584
55,4,5,25.100138326230027,294.2919890556317
29,42,0,56.40740288335178,51.584059497354716
4,44,8,35.85784615248732,94.6729047341413
32,30,1,65.66310737078761,78.643714618414
64,22,4,24.03989128935069,319.527492593274
17,41,8,19.159294573482576,158.8213113289051
95,9,3,91.8239086675437,209.92807331921364
48,31,2,10.18036829495369,305.7131356923656
10,42,6,50.595790773493164,4.549623518348817
84,29,5,22.085278296300892,454.2977840523389
25,38,7,3.892996332566745,268.067274743079
62,30,2,3.601881829142639,382.89786524917037
88,17,4,17.522177210582733,469.94236565193523
85,35,9,86.67703545060003,329.414690764217
58,1,3,28.247874397702667,262.83369307315985
26,13,3,95.04591705752958,-118.18407878736471
48,12,3,58.16222929891936,105.9734093340713
76,28,9,43.66141897687661,379.5625541639537
32,11,7,58.00888346694546,94.57718583641582
97,38,5,51.669838522626776,473.99845620002094
98,1,2,75.87762537573252,293.3916302591726
0,31,9,28.249606597285226,90.92105354594287
20,12,4,35.30503916003024,34.52406517238167
54,45,5,89.40943025332507,175.11619147104753
5,26,4,94.64565131504055,-136.4721815108765
91,48,5,89.25582274864745,347.9449716989726
80,40,7,41.94479939573136,459.8015799882271
68,16,6,78.03655030068816,164.75788494438004
94,39,4,47.63357333010988,434.6103172844173
4,30,9,49.75398521461022,6.0319751425303085
2,33,5,20.468010905728395,79.02555375796167
52,23,3,59.113030325851646,137.65809423040213
22,44,8,18.613589775334795,237.30913366074532
52,34,3,33.15646990671938,285.94131315977614
36,47,0,85.50302016199352,31.394997515699416
73,5,6,20.707580921085523,378.55227770997345
73,18,6,7.115828517343282,419.8950476299552
82,29,3,6.90075926128163,460.3607028936478
16,6,2,94.07845205031079,-145.24297804499903
84,9,7,50.69204379618346,371.51084868955627
77,40,4,40.941207181701834,381.3959880673436
72,31,9,81.08785810079185,260.3782347823066
0,33,6,83.5825927910516,-165.26393583538234
50,27,3,33.21910331156046,212.92564169162983
44,14,3,69.36180574737952,108.1429645006559
76,29,7,77.11228158518865,251.0540438243847
3,36,7,65.46506868659546,-35.605609635364765
61,28,1,15.159507480009937,345.6703570238742
64,21,1,87.5883083517057,84.136621584837
31,3,2,53.90945527360087,22.965843674819073
33,19,2,28.24724263700037,157.016582839212
91,31,0,42.52281854376939,389.68153080683686
94,35,2,3.757109039890738,606.0967339936631
71,49,5,12.786680122241755,431.2679744557108
38,3,7,76.55467505158609,57.510545442919316
25,26,9,0.0011634755366141114,263.5404748254609
33,16,5,41.65658284822922,137.46865455204585
53,11,4,52.251018108558846,179.07308870830838
2,21,3,5.4634420000972295,50.94655005750839
49,16,2,97.30781629723329,9.656478957486929
11,9,3,22.612533124967193,-1.9956284028673181
64,0,6,30.419871963628086,300.8053341205436
53,21,0,30.39425122550273,221.78041564330232
4,25,6,23.04166621173499,73.64820473765707
93,17,0,0.1473822086311416,519.7202198758496
93,49,1,72.93447940879963,361.5489585777953
56,13,3,96.68454997992853,48.90813845617993
16,46,0,22.429348328504506,87.09058828126064
46,28,8,66.30471918034225,152.84142718599225
22,11,5,74.18963269587151,-16.834205684067893
78,35,0,84.84253790905247,234.19909438696214
84,34,0,42.262919701360914,356.44903216967623
13,11,5,30.293090564042924,47.04078325293671
65,6,3,32.52951340230311,251.31917229321536
74,28,3,71.26213330985128,265.66873697579507
50,10,5,81.6779466505636,88.27449652214477
37,32,6,18.161396775660265,293.34015840229415
63,5,8,37.09410081577652,276.15123600907566
97,46,9,90.19401967491501,388.8577829948906
37,14,4,80.66935196947392,15.620862542089679
49,31,8,98.48584027624759,104.47226992577265
97,10,3,75.42482596820807,304.41216934442315
81,22,9,39.319520102792225,403.58221788254934
29,25,1,59.06378339946377,45.4368003800801
78,33,2,66.10142542473203,292.11843097671556
90,45,0,7.845581631712395,498.1377730935883
50,33,5,54.44969591038651,229.75976829095038
62,28,5,70.93208284726096,226.6077256421492
97,3,0,16.732130400106037,443.48953874463774
51,16,2,78.06317174255571,74.4024420198536
37,34,4,58.37727805141116,128.94932126808467
96,12,2,95.22217856975946,221.09940288559645
87,40,9,4.24222982068917,592.8739401212141
78,38,2,26.5326137555467,363.3544878411763
29,14,9,60.15538792998241,100.06294912011147
50,28,2,29.65599122059307,205.8021618893836
80,28,4,71.44241640712423,311.74114734720735
4,10,4,75.9005282521931,-154.30398663590827
28,31,3,10.251596406647446,197.01187114143414
3,1,0,51.38544642067677,-149.71101738372042
9,46,4,50.889055559105586,18.57205584424173
55,13,9,36.92807702155411,308.5863958382984
16,19,4,93.29248625696721,-171.63363190160322
73,21,3,82.75063198732212,214.28741175979738
16,10,5,69.72093819096368,-52.40234495085686
83,26,9,71.43266357349975,318.5615763223565
87,2,3,46.17161438131191,308.97890899507945
68,16,6,92.09945210965759,189.2295042151913
33,43,6,69.45954272532853,83.71123422515979
5,27,1,72.89810616558164,-152.7613287086641
52,28,2,86.16909037873452,100.23901971109099
65,20,0,27.4071589342191,289.54958072306096
76,46,7,80.7070903866703,281.12021730926114
42,15,8,19.524060295649203,265.7603186211448
74,36,3,34.53419522448878,347.8823606537281
22,19,5,33.56104542698427,119.33329168749928
54,5,8,97.85254683891405,87.66977878072053
79,18,5,85.65372237479268,234.67895685206082
94,4,8,70.11698615902597,354.8822627478624
74,2,3,72.70567616153902,221.10673401273044
15,0,7,56.20727944025711,-23.628111773006825
7,37,8,94.70906671085191,-118.76468264097177
3,14,3,49.62587528823615,-66.88814760806231
3,33,4,38.05177098698945,48.56562802977392
55,34,7,16.3035336931591,343.79420905680564
24,48,9,78.6205652261058,62.90904898780288
66,24,5,73.44439320755914,215.9957411393516
95,23,6,38.43550385241349,464.61539146264477
66,11,2,2.519341395922936,344.7959042046849
26,17,6,83.89973277180107,-5.262041190793791
92,14,7,1.1417983454073632,600.9754194041232
31,43,9,70.3699779629051,123.81269529176285
49,15,5,97.02571097260571,15.84150128746284
60,26,9,43.766132814820345,279.7223910544694
50,7,8,23.497340499595275,278.66749812563785
18,45,5,70.48710100433817,40.616243853310635
20,24,8,81.71281420155852,-7.635087674767927
4,16,3,54.64303160778473,-81.97717164173126
81,28,7,96.70352752561462,229.10398438737002
91,7,3,5.166872165796111,461.6561108482499
41,14,1,50.479559830452814,108.2563470351392
60,26,9,71.845394732255,244.73924823094669
21,45,8,86.2640471149179,-14.706737078568366
20,49,4,17.925561190779003,216.0200959912767
69,6,3,80.00034817636814,158.48037988877562
0,2,1,55.27070757185453,-123.82022981264772
4,28,0,39.65536819899632,-69.80865956669128
11,43,6,13.171502857909356,134.16900831796318
89,23,5,86.52957589089124,278.4318861319804
45,2,1,15.727320817971535,201.87372608398928
33,19,7,30.978785920909925,215.99085869580952
48,45,3,29.004553196243688,287.10791868757155
77,14,7,87.14140341908544,216.72216420650307
89,24,6,67.2702994208898,330.66171758401276
44,29,4,79.66813971913723,103.59559229697132
26,13,9,25.046789879249896,151.565521847236
72,6,9,62.48740996069989,307.1071412133468
25,16,7,57.17459831437487,49.7885120647452
46,43,8,83.28303767882711,177.96252841587565
85,19,4,90.60870604812605,244.75250765680744
55,35,9,1.2156771477386807,428.6130587679348
93,8,4,67.40199190587927,308.40609684583967
62,37,1,5.1835799119729025,371.6311027171597
47,47,4,54.88586650773559,212.90873432429797
60,21,2,28.76327290436782,277.2533112112509
80,1,6,30.67765995221412,358.09079198198356
25,23,9,35.29585034523566,151.79982075794038
35,7,4,62.12924490496101,44.18380587949996
0,10,7,33.40499656687692,-52.78967158892699
7,12,0,73.26990505902803,-151.64635288131015
98,16,2,40.45273855738697,401.047359833503
51,7,2,6.835320030995861,245.4273918428975
78,20,8,78.37598424841073,241.12516031255365
46,17,4,28.5758324592706,182.3946526648304
55,29,8,43.276687959926264,256.0609860579754
85,17,8,68.54438832219016,319.1864158808197
13,45,0,33.2456157148712,94.32833560591777
89,46,1,5.658565614671563,519.5067096380812
27,30,4,37.39210470128136,126.37868802151655
86,37,3,94.44485826943034,258.6750529218356
77,31,9,64.17343972985582,347.10098453474956
87,10,8,67.1479148667207,332.00738618531807
1,44,6,63.22821536376399,-60.590521363276864
25,24,5,19.899213895943678,192.3209092777532
13,32,6,41.833386410228016,99.64377364207365
58,37,0,75.09397983633183,105.0648866085508
55,40,0,10.137289755315916,304.10755891632465
6,7,7,27.785277608971228,25.047960325546192
2,10,1,27.631910846585363,-62.18648843795992
22,21,9,43.2018927594506,122.5136327907655
17,23,8,98.0368740942185,-97.67606633078779
37,40,6,6.750254668382194,348.05035735098545
98,16,5,51.870099438059505,440.2006735726934
14,11,0,17.936468201221047,42.44207600898116
63,45,0,97.06765454097442,134.33676164347142
88,31,1,11.33035047274642,500.1269570689069
27,14,5,40.36010023615913,80.64074953035775
73,15,5,73.78849848346061,207.31015965877887
38,21,1,70.45544280274453,32.19653285115936
56,27,0,42.272863689393226,224.41413142177922
16,19,9,34.652416795271826,106.82395758725286
85,32,4,39.76123785528706,378.1763567903189
89,9,4,26.42762631586393,407.6606321733914
43,39,1,20.53329387067998,239.9206611160725
24,31,5,48.303969755889,85.5747786458164
16,49,8,26.853375606760732,216.89071671551397
12,32,1,28.746166489725013,20.041741682845
83,1,9,65.67560634745571,320.08496579435035
24,32,1,96.85373316998923,-66.77893734340185
67,32,2,60.363720055937506,283.3378347406434
9,40,6,7.697946706496628,153.8182114168309
66,12,5,7.558361385406698,391.1535048981839
17,29,7,95.1423220845566,-61.031759109696836
99,32,7,29.729079030733363,543.7223975388657
85,12,5,9.206698608247542,469.40300015047126
